raw,clean_text,clean,clean-default
The view point is good but it is much better to walk down to the coast nearby. It take around 45-60 minutes for small trail down there. Worth it!!,the view point is good but it is much better to walk down to the coast nearby it take around minutes for small trail down there worth it,"['the', 'view', 'point', 'is', 'good', 'but', 'it', 'is', 'much', 'better', 'to', 'walk', 'down', 'to', 'the', 'coast', 'nearby', 'it', 'take', 'around', 'minutes', 'for', 'small', 'trail', 'down', 'there', 'worth', 'it']","['view', 'point', 'good', 'well', 'walk', 'coast', 'nearby', 'minute', 'small', 'trail', 'worth']"
Amazing view point !,amazing view point,"['amazing', 'view', 'point']","['amazing', 'view', 'point']"
"Sooooooo many people, it’s so crowded it’s ridiculous. Was crazy trying to get past people and the sunset wasn’t any different then other places. Not worth going when it’s crowded",sooooooo many people it is so crowded it is ridiculous was crazy trying to get past people and the sunset was not any different then other places not worth going when it is crowded,"['sooooooo', 'many', 'people', 'it', 'is', 'so', 'crowded', 'it', 'is', 'ridiculous', 'was', 'crazy', 'trying', 'to', 'get', 'past', 'people', 'and', 'the', 'sunset', 'was', 'not', 'any', 'different', 'then', 'other', 'places', 'not', 'worth', 'going', 'when', 'it', 'is', 'crowded']","['sooooooo', 'people', 'crowded', 'ridiculous', 'crazy', 'try', 'past', 'people', 'sunset', 'not', 'different', 'place', 'not', 'worth', 'go', 'crowd']"
"The place sunset view point is a beautiful of phuket, thailand. drive from phuket downtown about 30 minutes. it's perfect!!",the place sunset view point is a beautiful of phuket thailand drive from phuket downtown about minutes it is perfect,"['the', 'place', 'sunset', 'view', 'point', 'is', 'a', 'beautiful', 'of', 'phuket', 'thailand', 'drive', 'from', 'phuket', 'downtown', 'about', 'minutes', 'it', 'is', 'perfect']","['place', 'sunset', 'view', 'point', 'beautiful', 'phuket', 'thailand', 'drive', 'phuket', 'downtown', 'minute', 'perfect']"
Best place to view Sunset in Phuket is Promthep view point. You should reach half an hour early to Sunset to view the real beauty. There is a lot of crowd so find your best place to view Sunset. You get everything to eat near this point. Don't miss coconut water.,best place to view sunset in phuket is promthep view point you should reach half an hour early to sunset to view the real beauty there is a lot of crowd so find your best place to view sunset you get everything to eat near this point do not miss coconut water,"['best', 'place', 'to', 'view', 'sunset', 'in', 'phuket', 'is', 'promthep', 'view', 'point', 'you', 'should', 'reach', 'half', 'an', 'hour', 'early', 'to', 'sunset', 'to', 'view', 'the', 'real', 'beauty', 'there', 'is', 'a', 'lot', 'of', 'crowd', 'so', 'find', 'your', 'best', 'place', 'to', 'view', 'sunset', 'you', 'get', 'everything', 'to', 'eat', 'near', 'this', 'point', 'do', 'not', 'miss', 'coconut', 'water']","['good', 'place', 'view', 'sunset', 'phuket', 'promthep', 'view', 'point', 'reach', 'half', 'hour', 'early', 'sunset', 'view', 'real', 'beauty', 'lot', 'crowd', 'find', 'good', 'place', 'view', 'sunset', 'eat', 'near', 'point', 'not', 'miss', 'coconut', 'water']"
This is not right place map. Please admin chang map place to be right place because many tourist follow your map the get to wrong place.,this is not right place map please admin chang map place to be right place because many tourist follow your map the get to wrong place,"['this', 'is', 'not', 'right', 'place', 'map', 'please', 'admin', 'chang', 'map', 'place', 'to', 'be', 'right', 'place', 'because', 'many', 'tourist', 'follow', 'your', 'map', 'the', 'get', 'to', 'wrong', 'place']","['not', 'right', 'place', 'map', 'admin', 'chang', 'map', 'place', 'right', 'place', 'tourist', 'follow', 'map', 'wrong', 'place']"
"Calm and peaceful place. Visit this place before sunset starts, find a beautiful place (maybe between coconut trees) and just enjoy the view. All the worries that you might be having will disappear. There's a small trekking spot available as well.",calm and peaceful place visit this place before sunset starts find a beautiful place maybe between coconut trees and just enjoy the view all the worries that you might be having will disappear there is a small trekking spot available as well,"['calm', 'and', 'peaceful', 'place', 'visit', 'this', 'place', 'before', 'sunset', 'starts', 'find', 'a', 'beautiful', 'place', 'maybe', 'between', 'coconut', 'trees', 'and', 'just', 'enjoy', 'the', 'view', 'all', 'the', 'worries', 'that', 'you', 'might', 'be', 'having', 'will', 'disappear', 'there', 'is', 'a', 'small', 'trekking', 'spot', 'available', 'as', 'well']","['calm', 'peaceful', 'place', 'visit', 'place', 'sunset', 'start', 'find', 'beautiful', 'place', 'maybe', 'coconut', 'tree', 'enjoy', 'view', 'worry', 'have', 'disappear', 'small', 'trekking', 'spot', 'available']"
The place is famous for its marvellous sunset. It also has a good 15-20 minute trek.Most of the tourists come here for scenic beauty and enjoy peaceful moments around the ocean. You can literally spend an hour or more at the place.Promthep Cape offers beautiful picturesque so make sure you click a lot of good pictures.,the place is famous for its marvellous sunset it also has a good minute trek.most of the tourists come here for scenic beauty and enjoy peaceful moments around the ocean you can literally spend an hour or more at the place.promthep cape offers beautiful picturesque so make sure you click a lot of good pictures,"['the', 'place', 'is', 'famous', 'for', 'its', 'marvellous', 'sunset', 'it', 'also', 'has', 'a', 'good', 'minute', 'trek.most', 'of', 'the', 'tourists', 'come', 'here', 'for', 'scenic', 'beauty', 'and', 'enjoy', 'peaceful', 'moments', 'around', 'the', 'ocean', 'you', 'can', 'literally', 'spend', 'an', 'hour', 'or', 'more', 'at', 'the', 'place.promthep', 'cape', 'offers', 'beautiful', 'picturesque', 'so', 'make', 'sure', 'you', 'click', 'a', 'lot', 'of', 'good', 'pictures']","['place', 'famous', 'marvellous', 'sunset', 'good', 'minute', 'trek.most', 'tourist', 'come', 'scenic', 'beauty', 'enjoy', 'peaceful', 'moment', 'ocean', 'literally', 'spend', 'hour', 'place.promthep', 'cape', 'offer', 'beautiful', 'picturesque', 'sure', 'click', 'lot', 'good', 'picture']"
Amazing view on the sea and islands. The path is extremely slippery and require some climbing skills for the best pictures. ,amazing view on the sea and islands the path is extremely slippery and require some climbing skills for the best pictures,"['amazing', 'view', 'on', 'the', 'sea', 'and', 'islands', 'the', 'path', 'is', 'extremely', 'slippery', 'and', 'require', 'some', 'climbing', 'skills', 'for', 'the', 'best', 'pictures']","['amazing', 'view', 'sea', 'island', 'path', 'extremely', 'slippery', 'require', 'climbing', 'skill', 'good', 'picture']"
"A must to visit this place, very stunning views especially during the sunset hours. Overlooking the Andaman Sea and also worth a visit for everyone. There are some shops selling clothes, beverages and etc. The entrance fee is FOC. Make sure to walk around in that area which will consists of ups and downs (hill), and be aware of the monkeys as well.",a must to visit this place very stunning views especially during the sunset hours overlooking the andaman sea and also worth a visit for everyone there are some shops selling clothes beverages and etc the entrance fee is foc make sure to walk around in that area which will consists of ups and downs hill and be aware of the monkeys as well,"['a', 'must', 'to', 'visit', 'this', 'place', 'very', 'stunning', 'views', 'especially', 'during', 'the', 'sunset', 'hours', 'overlooking', 'the', 'andaman', 'sea', 'and', 'also', 'worth', 'a', 'visit', 'for', 'everyone', 'there', 'are', 'some', 'shops', 'selling', 'clothes', 'beverages', 'and', 'etc', 'the', 'entrance', 'fee', 'is', 'foc', 'make', 'sure', 'to', 'walk', 'around', 'in', 'that', 'area', 'which', 'will', 'consists', 'of', 'ups', 'and', 'downs', 'hill', 'and', 'be', 'aware', 'of', 'the', 'monkeys', 'as', 'well']","['visit', 'place', 'stunning', 'view', 'especially', 'sunset', 'hour', 'overlook', 'andaman', 'sea', 'worth', 'visit', 'shop', 'sell', 'clothe', 'beverage', 'etc', 'entrance', 'fee', 'foc', 'sure', 'walk', 'area', 'consist', 'up', 'down', 'hill', 'aware', 'monkey']"
"Wow! This place was so amazing. I went to this place like 20 minutes from Kata Beach by motorcycle. And when you arrived, you have to hike around 20-25 minute to reaching the top of this beautiful spot. also don’t forget to bring some water, because it’s quite tired and please keep this place clean!!! I warned you guys.",wow this place was so amazing i went to this place like minutes from kata beach by motorcycle and when you arrived you have to hike around minute to reaching the top of this beautiful spot also do not forget to bring some water because it is quite tired and please keep this place clean i warned you guys,"['wow', 'this', 'place', 'was', 'so', 'amazing', 'i', 'went', 'to', 'this', 'place', 'like', 'minutes', 'from', 'kata', 'beach', 'by', 'motorcycle', 'and', 'when', 'you', 'arrived', 'you', 'have', 'to', 'hike', 'around', 'minute', 'to', 'reaching', 'the', 'top', 'of', 'this', 'beautiful', 'spot', 'also', 'do', 'not', 'forget', 'to', 'bring', 'some', 'water', 'because', 'it', 'is', 'quite', 'tired', 'and', 'please', 'keep', 'this', 'place', 'clean', 'i', 'warned', 'you', 'guys']","['wow', 'place', 'amazing', 'go', 'place', 'like', 'minute', 'kata', 'beach', 'motorcycle', 'arrive', 'hike', 'minute', 'reach', 'beautiful', 'spot', 'not', 'forget', 'bring', 'water', 'tired', 'place', 'clean', 'warn', 'guy']"
"It is said that this is the best point for viewing sunset. This place is very crowded and in the evening time you will find it difficult to get a parking for your car.people stay here for viewing sun set.The place is very beautiful.  You can see here the beautiful view of ocean , beaches,hills and surrounding  greenery. Don't forget to take camera while  going there.Transportation is easily available to and from here. If you are with kids and old peoples then be very careful.",it is said that this is the best point for viewing sunset this place is very crowded and in the evening time you will find it difficult to get a parking for your car.people stay here for viewing sun set.the place is very beautiful you can see here the beautiful view of ocean beaches hills and surrounding greenery do not forget to take camera while going there.transportation is easily available to and from here if you are with kids and old peoples then be very careful,"['it', 'is', 'said', 'that', 'this', 'is', 'the', 'best', 'point', 'for', 'viewing', 'sunset', 'this', 'place', 'is', 'very', 'crowded', 'and', 'in', 'the', 'evening', 'time', 'you', 'will', 'find', 'it', 'difficult', 'to', 'get', 'a', 'parking', 'for', 'your', 'car.people', 'stay', 'here', 'for', 'viewing', 'sun', 'set.the', 'place', 'is', 'very', 'beautiful', 'you', 'can', 'see', 'here', 'the', 'beautiful', 'view', 'of', 'ocean', 'beaches', 'hills', 'and', 'surrounding', 'greenery', 'do', 'not', 'forget', 'to', 'take', 'camera', 'while', 'going', 'there.transportation', 'is', 'easily', 'available', 'to', 'and', 'from', 'here', 'if', 'you', 'are', 'with', 'kids', 'and', 'old', 'peoples', 'then', 'be', 'very', 'careful']","['say', 'good', 'point', 'view', 'sunset', 'place', 'crowded', 'evening', 'time', 'find', 'difficult', 'parking', 'car.people', 'stay', 'view', 'sun', 'set.the', 'place', 'beautiful', 'beautiful', 'view', 'ocean', 'beach', 'hill', 'surround', 'greenery', 'not', 'forget', 'camera', 'go', 'there.transportation', 'easily', 'available', 'kid', 'old', 'people', 'careful']"
"antastic views of the cape & windmill point.For 5baht there is a nice clean toilet just across the road (no toilet paper as standard in phuket).Plus a selection of tourists stalls.After take the winding road to windmill point, where you can get a drink at the top, and if the breeze is right you get to see some parasailing doing there thing.",antastic views of the cape & windmill point.for there is a nice clean toilet just across the road no toilet paper as standard in phuket).plus a selection of tourists stalls.after take the winding road to windmill point where you can get a drink at the top and if the breeze is right you get to see some parasailing doing there thing,"['antastic', 'views', 'of', 'the', 'cape', '&', 'windmill', 'point.for', 'there', 'is', 'a', 'nice', 'clean', 'toilet', 'just', 'across', 'the', 'road', 'no', 'toilet', 'paper', 'as', 'standard', 'in', 'phuket).plus', 'a', 'selection', 'of', 'tourists', 'stalls.after', 'take', 'the', 'winding', 'road', 'to', 'windmill', 'point', 'where', 'you', 'can', 'get', 'a', 'drink', 'at', 'the', 'top', 'and', 'if', 'the', 'breeze', 'is', 'right', 'you', 'get', 'to', 'see', 'some', 'parasailing', 'doing', 'there', 'thing']","['antastic', 'view', 'cape', '&', 'windmill', 'point.for', 'nice', 'clean', 'toilet', 'road', 'no', 'toilet', 'paper', 'standard', 'phuket).plus', 'selection', 'tourist', 'stalls.after', 'wind', 'road', 'windmill', 'point', 'drink', 'breeze', 'right', 'parasailing', 'thing']"
Very good view. Nice photography spots. A good trek to the edge of the hill also can be done.,very good view nice photography spots a good trek to the edge of the hill also can be done,"['very', 'good', 'view', 'nice', 'photography', 'spots', 'a', 'good', 'trek', 'to', 'the', 'edge', 'of', 'the', 'hill', 'also', 'can', 'be', 'done']","['good', 'view', 'nice', 'photography', 'spot', 'good', 'trek', 'edge', 'hill']"
An amazing sunset a 15min walk on a beautiful path to reach the very end of the cape. A very good restaurant nearby,an amazing sunset a 15min walk on a beautiful path to reach the very end of the cape a very good restaurant nearby,"['an', 'amazing', 'sunset', 'a', '15min', 'walk', 'on', 'a', 'beautiful', 'path', 'to', 'reach', 'the', 'very', 'end', 'of', 'the', 'cape', 'a', 'very', 'good', 'restaurant', 'nearby']","['amazing', 'sunset', '15min', 'walk', 'beautiful', 'path', 'reach', 'end', 'cape', 'good', 'restaurant', 'nearby']"
Promthep Cape is beautiful and calm. You can sit here for hours and see the sunset. You can see the sun setting down in Andaman sea. Very picturesque.This place is must visit when in phuket.,promthep cape is beautiful and calm you can sit here for hours and see the sunset you can see the sun setting down in andaman sea very picturesque.this place is must visit when in phuket,"['promthep', 'cape', 'is', 'beautiful', 'and', 'calm', 'you', 'can', 'sit', 'here', 'for', 'hours', 'and', 'see', 'the', 'sunset', 'you', 'can', 'see', 'the', 'sun', 'setting', 'down', 'in', 'andaman', 'sea', 'very', 'picturesque.this', 'place', 'is', 'must', 'visit', 'when', 'in', 'phuket']","['promthep', 'cape', 'beautiful', 'calm', 'sit', 'hour', 'sunset', 'sun', 'set', 'andaman', 'sea', 'picturesque.this', 'place', 'visit', 'phuket']"
"One of the most beautiful viewpoints in Phuket. Located at the most southern tip of Phuket, it offers a stunning view of some beautiful small islands and an amazing sunset views.
Make sure to walk around the area since each side offers a different view.",of the most beautiful viewpoints in phuket located at the most southern tip of phuket it offers a stunning view of some beautiful small islands and an amazing sunset views make sure to walk around the area since each side offers a different view,"['of', 'the', 'most', 'beautiful', 'viewpoints', 'in', 'phuket', 'located', 'at', 'the', 'most', 'southern', 'tip', 'of', 'phuket', 'it', 'offers', 'a', 'stunning', 'view', 'of', 'some', 'beautiful', 'small', 'islands', 'and', 'an', 'amazing', 'sunset', 'views', 'make', 'sure', 'to', 'walk', 'around', 'the', 'area', 'since', 'each', 'side', 'offers', 'a', 'different', 'view']","['beautiful', 'viewpoint', 'phuket', 'locate', 'southern', 'tip', 'phuket', 'offer', 'stunning', 'view', 'beautiful', 'small', 'island', 'amazing', 'sunset', 'view', 'sure', 'walk', 'area', 'offer', 'different', 'view']"
"We had a driver for a few hours to take us around, well worth the money and he took us to this site. The views are fantastic and very quiet, there is a lovely shop to have cold drinks and good parking. They don't like people smoking there which is fine. I can't express the beautiful views, it's amazing, must go and have a look.",we had a driver for a few hours to take us around well worth the money and he took us to this site the views are fantastic and very quiet there is a lovely shop to have cold drinks and good parking they do not like people smoking there which is fine i can not express the beautiful views it is amazing must go and have a look,"['we', 'had', 'a', 'driver', 'for', 'a', 'few', 'hours', 'to', 'take', 'us', 'around', 'well', 'worth', 'the', 'money', 'and', 'he', 'took', 'us', 'to', 'this', 'site', 'the', 'views', 'are', 'fantastic', 'and', 'very', 'quiet', 'there', 'is', 'a', 'lovely', 'shop', 'to', 'have', 'cold', 'drinks', 'and', 'good', 'parking', 'they', 'do', 'not', 'like', 'people', 'smoking', 'there', 'which', 'is', 'fine', 'i', 'can', 'not', 'express', 'the', 'beautiful', 'views', 'it', 'is', 'amazing', 'must', 'go', 'and', 'have', 'a', 'look']","['driver', 'hour', 'worth', 'money', 'take', 'site', 'view', 'fantastic', 'quiet', 'lovely', 'shop', 'cold', 'drink', 'good', 'parking', 'not', 'like', 'people', 'smoke', 'fine', 'not', 'express', 'beautiful', 'view', 'amazing', 'look']"
Beautiful views of the ocean. There's a lot of tourists around but a good pit stop to get a few pictures and enjoy the fresh air. There's restaurants across the street for food. If arriving in a taxi it might be better to have the wait or risk staying longer than expected.,beautiful views of the ocean there is a lot of tourists around but a good pit stop to get a few pictures and enjoy the fresh air there has restaurants across the street for food if arriving in a taxi it might be better to have the wait or risk staying longer than expected,"['beautiful', 'views', 'of', 'the', 'ocean', 'there', 'is', 'a', 'lot', 'of', 'tourists', 'around', 'but', 'a', 'good', 'pit', 'stop', 'to', 'get', 'a', 'few', 'pictures', 'and', 'enjoy', 'the', 'fresh', 'air', 'there', 'has', 'restaurants', 'across', 'the', 'street', 'for', 'food', 'if', 'arriving', 'in', 'a', 'taxi', 'it', 'might', 'be', 'better', 'to', 'have', 'the', 'wait', 'or', 'risk', 'staying', 'longer', 'than', 'expected']","['beautiful', 'view', 'ocean', 'lot', 'tourist', 'good', 'pit', 'stop', 'picture', 'enjoy', 'fresh', 'air', 'restaurant', 'street', 'food', 'arrive', 'taxi', 'well', 'wait', 'risk', 'stay', 'longer', 'expect']"
"Family-friendly area and photo ops at the top, then it's a nice 10-15 min careful walk/hike down to the point where you can enjoy the sound and force of the ocean. Sadly, there was a bit more litter along the way than I could pick up. Keep it tidy, folks!",family friendly area and photo ops at the top then it is a nice min careful walk hike down to the point where you can enjoy the sound and force of the ocean sadly there was a bit more litter along the way than i could pick up keep it tidy folks,"['family', 'friendly', 'area', 'and', 'photo', 'ops', 'at', 'the', 'top', 'then', 'it', 'is', 'a', 'nice', 'min', 'careful', 'walk', 'hike', 'down', 'to', 'the', 'point', 'where', 'you', 'can', 'enjoy', 'the', 'sound', 'and', 'force', 'of', 'the', 'ocean', 'sadly', 'there', 'was', 'a', 'bit', 'more', 'litter', 'along', 'the', 'way', 'than', 'i', 'could', 'pick', 'up', 'keep', 'it', 'tidy', 'folks']","['family', 'friendly', 'area', 'photo', 'op', 'nice', 'min', 'careful', 'walk', 'hike', 'point', 'enjoy', 'sound', 'force', 'ocean', 'sadly', 'bit', 'litter', 'way', 'pick', 'tidy', 'folk']"
"Great view from the place, but quite far away from the city. You can take personal bikes and reach over there and can enjoy the entire journey in between you will get couple of bars in village to enjoy the drinks and play snooker.",great view from the place but quite far away from the city you can take personal bikes and reach over there and can enjoy the entire journey in between you will get couple of bars in village to enjoy the drinks and play snooker,"['great', 'view', 'from', 'the', 'place', 'but', 'quite', 'far', 'away', 'from', 'the', 'city', 'you', 'can', 'take', 'personal', 'bikes', 'and', 'reach', 'over', 'there', 'and', 'can', 'enjoy', 'the', 'entire', 'journey', 'in', 'between', 'you', 'will', 'get', 'couple', 'of', 'bars', 'in', 'village', 'to', 'enjoy', 'the', 'drinks', 'and', 'play', 'snooker']","['great', 'view', 'place', 'far', 'away', 'city', 'personal', 'bike', 'reach', 'enjoy', 'entire', 'journey', 'couple', 'bar', 'village', 'enjoy', 'drink', 'play', 'snooker']"
Overcrowded at sunsets understandably. Well worth the effort to track down to the rocky islets below. Freshest sea breeze on the whole island.,overcrowded at sunsets understandably well worth the effort to track down to the rocky islets below freshest sea breeze on the whole island,"['overcrowded', 'at', 'sunsets', 'understandably', 'well', 'worth', 'the', 'effort', 'to', 'track', 'down', 'to', 'the', 'rocky', 'islets', 'below', 'freshest', 'sea', 'breeze', 'on', 'the', 'whole', 'island']","['overcrowd', 'sunset', 'understandably', 'worth', 'effort', 'track', 'rocky', 'islet', 'fresh', 'sea', 'breeze', 'island']"
"It was okay for me, not very exotic or fantastic. Lots of Chienese group travellers were there. However, photos I took looked better than it is, so if you are Instagram boys and girls, you must go and line up for a spot.",it was okay for me not very exotic or fantastic lots of chienese group travellers were there however photos i took looked better than it is so if you are instagram boys and girls you must go and line up for a spot,"['it', 'was', 'okay', 'for', 'me', 'not', 'very', 'exotic', 'or', 'fantastic', 'lots', 'of', 'chienese', 'group', 'travellers', 'were', 'there', 'however', 'photos', 'i', 'took', 'looked', 'better', 'than', 'it', 'is', 'so', 'if', 'you', 'are', 'instagram', 'boys', 'and', 'girls', 'you', 'must', 'go', 'and', 'line', 'up', 'for', 'a', 'spot']","['okay', 'not', 'exotic', 'fantastic', 'lot', 'chienese', 'group', 'traveller', 'photo', 'take', 'look', 'better', 'instagram', 'boy', 'girl', 'line', 'spot']"
This is as far south as you can go on Phuket Island. The Andaman sea stretches out in front of you as you get a 270 degree viewing angle.The Big Buddha can be seen over the crest of a hill in between.Unfortunately the Maritime Museum appears to be closed for renovations. Outside however the scale models of the Royal Navy of Thailand along with a very imposing statue of Rama V are visible.The rotunda with all the various elephant statutes is a sight to behold.,this is as far south as you can go on phuket island the andaman sea stretches out in front of you as you get a degree viewing angle.the big buddha can be seen over the crest of a hill in between.unfortunately the maritime museum appears to be closed for renovations outside however the scale models of the royal navy of thailand along with a very imposing statue of rama v are visible.the rotunda with all the various elephant statutes is a sight to behold,"['this', 'is', 'as', 'far', 'south', 'as', 'you', 'can', 'go', 'on', 'phuket', 'island', 'the', 'andaman', 'sea', 'stretches', 'out', 'in', 'front', 'of', 'you', 'as', 'you', 'get', 'a', 'degree', 'viewing', 'angle.the', 'big', 'buddha', 'can', 'be', 'seen', 'over', 'the', 'crest', 'of', 'a', 'hill', 'in', 'between.unfortunately', 'the', 'maritime', 'museum', 'appears', 'to', 'be', 'closed', 'for', 'renovations', 'outside', 'however', 'the', 'scale', 'models', 'of', 'the', 'royal', 'navy', 'of', 'thailand', 'along', 'with', 'a', 'very', 'imposing', 'statue', 'of', 'rama', 'v', 'are', 'visible.the', 'rotunda', 'with', 'all', 'the', 'various', 'elephant', 'statutes', 'is', 'a', 'sight', 'to', 'behold']","['far', 'south', 'phuket', 'island', 'andaman', 'sea', 'stretch', 'degree', 'view', 'angle.the', 'big', 'buddha', 'see', 'crest', 'hill', 'between.unfortunately', 'maritime', 'museum', 'appear', 'close', 'renovation', 'outside', 'scale', 'model', 'royal', 'navy', 'thailand', 'imposing', 'statue', 'rama', 'v', 'visible.the', 'rotunda', 'elephant', 'statute', 'sight', 'behold']"
"Wide open space to walk around the view point. There are some stalls selling fruits and drinks. Toilet is available across the road, free for guests who booked agencies’ day tour.",wide open space to walk around the view point there are some stalls selling fruits and drinks toilet is available across the road free for guests who booked agencies ' day tour,"['wide', 'open', 'space', 'to', 'walk', 'around', 'the', 'view', 'point', 'there', 'are', 'some', 'stalls', 'selling', 'fruits', 'and', 'drinks', 'toilet', 'is', 'available', 'across', 'the', 'road', 'free', 'for', 'guests', 'who', 'booked', 'agencies', ""'"", 'day', 'tour']","['wide', 'open', 'space', 'walk', 'view', 'point', 'stall', 'sell', 'fruit', 'drink', 'toilet', 'available', 'road', 'free', 'guest', 'book', 'agency', ""'"", 'day', 'tour']"
It's a nice place with a long pathway from where one could click great pictures of the ocean. There is also a temple complex with lot of elephant statues. View is simply awesome,it is a nice place with a long pathway from where one could click great pictures of the ocean there is also a temple complex with lot of elephant statues view is simply awesome,"['it', 'is', 'a', 'nice', 'place', 'with', 'a', 'long', 'pathway', 'from', 'where', 'one', 'could', 'click', 'great', 'pictures', 'of', 'the', 'ocean', 'there', 'is', 'also', 'a', 'temple', 'complex', 'with', 'lot', 'of', 'elephant', 'statues', 'view', 'is', 'simply', 'awesome']","['nice', 'place', 'long', 'pathway', 'click', 'great', 'picture', 'ocean', 'temple', 'complex', 'lot', 'elephant', 'statue', 'view', 'simply', 'awesome']"
"Great place to watch the sunset. We were like 15 minutes late and missed “the full show”, but anyway it was spectacular.",great place to watch the sunset we were like minutes late and missed the full show but anyway it was spectacular,"['great', 'place', 'to', 'watch', 'the', 'sunset', 'we', 'were', 'like', 'minutes', 'late', 'and', 'missed', 'the', 'full', 'show', 'but', 'anyway', 'it', 'was', 'spectacular']","['great', 'place', 'watch', 'sunset', 'like', 'minute', 'late', 'miss', 'spectacular']"
Great place to see the sunset. A lot of people here so best to go early to get a good viewpoint.  Definitely a must for any trip to phuket,great place to see the sunset a lot of people here so best to go early to get a good viewpoint definitely a must for any trip to phuket,"['great', 'place', 'to', 'see', 'the', 'sunset', 'a', 'lot', 'of', 'people', 'here', 'so', 'best', 'to', 'go', 'early', 'to', 'get', 'a', 'good', 'viewpoint', 'definitely', 'a', 'must', 'for', 'any', 'trip', 'to', 'phuket']","['great', 'place', 'sunset', 'lot', 'people', 'good', 'early', 'good', 'viewpoint', 'definitely', 'trip', 'phuket']"
"One of the best places to see sunset at phuket. A must see. Beautiful landscape, even without sunset it is beautiful.",of the best places to see sunset at phuket a must see beautiful landscape even without sunset it is beautiful,"['of', 'the', 'best', 'places', 'to', 'see', 'sunset', 'at', 'phuket', 'a', 'must', 'see', 'beautiful', 'landscape', 'even', 'without', 'sunset', 'it', 'is', 'beautiful']","['good', 'place', 'sunset', 'phuket', 'beautiful', 'landscape', 'sunset', 'beautiful']"
"Beautiful and one of the best palces for watching sunset. Amazing view, really wide view, and so peaceful.",beautiful and of the best palces for watching sunset amazing view really wide view and so peaceful,"['beautiful', 'and', 'of', 'the', 'best', 'palces', 'for', 'watching', 'sunset', 'amazing', 'view', 'really', 'wide', 'view', 'and', 'so', 'peaceful']","['beautiful', 'good', 'palce', 'watch', 'sunset', 'amazing', 'view', 'wide', 'view', 'peaceful']"
Amazing sea view! Just simply beautiful when sunset. But need to walk to the tip of the cape and the road is rugged and slippery. Need to take around 10-15 minutes to reach the tip.,amazing sea view just simply beautiful when sunset but need to walk to the tip of the cape and the road is rugged and slippery need to take around minutes to reach the tip,"['amazing', 'sea', 'view', 'just', 'simply', 'beautiful', 'when', 'sunset', 'but', 'need', 'to', 'walk', 'to', 'the', 'tip', 'of', 'the', 'cape', 'and', 'the', 'road', 'is', 'rugged', 'and', 'slippery', 'need', 'to', 'take', 'around', 'minutes', 'to', 'reach', 'the', 'tip']","['amazing', 'sea', 'view', 'simply', 'beautiful', 'sunset', 'need', 'walk', 'tip', 'cape', 'road', 'rugged', 'slippery', 'need', 'minute', 'reach', 'tip']"
A very beautiful place. I suggest you to plan your visit during the sunset as the view will be awesome,a very beautiful place i suggest you to plan your visit during the sunset as the view will be awesome,"['a', 'very', 'beautiful', 'place', 'i', 'suggest', 'you', 'to', 'plan', 'your', 'visit', 'during', 'the', 'sunset', 'as', 'the', 'view', 'will', 'be', 'awesome']","['beautiful', 'place', 'suggest', 'plan', 'visit', 'sunset', 'view', 'awesome']"
Nice place in Phuket with great views.View is awesome and a great place to click pictures.,nice place in phuket with great views.view is awesome and a great place to click pictures,"['nice', 'place', 'in', 'phuket', 'with', 'great', 'views.view', 'is', 'awesome', 'and', 'a', 'great', 'place', 'to', 'click', 'pictures']","['nice', 'place', 'phuket', 'great', 'views.view', 'awesome', 'great', 'place', 'click', 'picture']"
Something feels special about standing at the most southerly point of places. The same can be said for the most southerly point of Phuket. It's a 10-15 walk from the viewpoint down to the very point where there are two stone cairns. It's peaceful as no one bothers to walk down.,something feels special about standing at the most southerly point of places the same can be said for the most southerly point of phuket it is a walk from the viewpoint down to the very point where there are stone cairns it has peaceful as no one bothers to walk down,"['something', 'feels', 'special', 'about', 'standing', 'at', 'the', 'most', 'southerly', 'point', 'of', 'places', 'the', 'same', 'can', 'be', 'said', 'for', 'the', 'most', 'southerly', 'point', 'of', 'phuket', 'it', 'is', 'a', 'walk', 'from', 'the', 'viewpoint', 'down', 'to', 'the', 'very', 'point', 'where', 'there', 'are', 'stone', 'cairns', 'it', 'has', 'peaceful', 'as', 'no', 'one', 'bothers', 'to', 'walk', 'down']","['feel', 'special', 'stand', 'southerly', 'point', 'place', 'say', 'southerly', 'point', 'phuket', 'walk', 'viewpoint', 'point', 'stone', 'cairn', 'peaceful', 'no', 'bother', 'walk']"
"A very beautiful way place to enjoy the late afternoon. Recommend taking a bike to this place if you are visiting from Phuket or central parts, the drive is beautiful. You could also follow the trail to reach the last point in the cape. It's amazing to sit there and watch the sun set at the distance. One could easily spend close to 90 minutes here.",a very beautiful way place to enjoy the late afternoon recommend taking a bike to this place if you are visiting from phuket or central parts the drive is beautiful you could also follow the trail to reach the last point in the cape it is amazing to sit there and watch the sun set at the distance one could easily spend close to minutes here,"['a', 'very', 'beautiful', 'way', 'place', 'to', 'enjoy', 'the', 'late', 'afternoon', 'recommend', 'taking', 'a', 'bike', 'to', 'this', 'place', 'if', 'you', 'are', 'visiting', 'from', 'phuket', 'or', 'central', 'parts', 'the', 'drive', 'is', 'beautiful', 'you', 'could', 'also', 'follow', 'the', 'trail', 'to', 'reach', 'the', 'last', 'point', 'in', 'the', 'cape', 'it', 'is', 'amazing', 'to', 'sit', 'there', 'and', 'watch', 'the', 'sun', 'set', 'at', 'the', 'distance', 'one', 'could', 'easily', 'spend', 'close', 'to', 'minutes', 'here']","['beautiful', 'way', 'place', 'enjoy', 'late', 'afternoon', 'recommend', 'take', 'bike', 'place', 'visit', 'phuket', 'central', 'part', 'drive', 'beautiful', 'follow', 'trail', 'reach', 'point', 'cape', 'amazing', 'sit', 'watch', 'sun', 'set', 'distance', 'easily', 'spend', 'close', 'minute']"
"The atmosphere at dusk is really beautiful for watching the sun set down, especially in a cloudy day when the sun light shines across the cloud, it seems like an angel is descending from up above and the sun is moving down slowly into the horizon of the beautiful sea.",the atmosphere at dusk is really beautiful for watching the sun set down especially in a cloudy day when the sun light shines across the cloud it seems like an angel is descending from up above and the sun is moving down slowly into the horizon of the beautiful sea,"['the', 'atmosphere', 'at', 'dusk', 'is', 'really', 'beautiful', 'for', 'watching', 'the', 'sun', 'set', 'down', 'especially', 'in', 'a', 'cloudy', 'day', 'when', 'the', 'sun', 'light', 'shines', 'across', 'the', 'cloud', 'it', 'seems', 'like', 'an', 'angel', 'is', 'descending', 'from', 'up', 'above', 'and', 'the', 'sun', 'is', 'moving', 'down', 'slowly', 'into', 'the', 'horizon', 'of', 'the', 'beautiful', 'sea']","['atmosphere', 'dusk', 'beautiful', 'watch', 'sun', 'set', 'especially', 'cloudy', 'day', 'sun', 'light', 'shine', 'cloud', 'like', 'angel', 'descend', 'sun', 'move', 'slowly', 'horizon', 'beautiful', 'sea']"
"Wow, it's definitely a spot that should not be missed in Phuket. The sunset view is superb. Try to walk to the cape as the view point is always crowded with people. We just sat at the cape to chill and wait for the sunset. But the road to the cape is a bit tough and it will be good if you wear sport shoes and not slipper.",wow it is definitely a spot that should not be missed in phuket the sunset view is superb try to walk to the cape as the view point is always crowded with people we just sat at the cape to chill and wait for the sunset but the road to the cape is a bit tough and it will be good if you wear sport shoes and not slipper,"['wow', 'it', 'is', 'definitely', 'a', 'spot', 'that', 'should', 'not', 'be', 'missed', 'in', 'phuket', 'the', 'sunset', 'view', 'is', 'superb', 'try', 'to', 'walk', 'to', 'the', 'cape', 'as', 'the', 'view', 'point', 'is', 'always', 'crowded', 'with', 'people', 'we', 'just', 'sat', 'at', 'the', 'cape', 'to', 'chill', 'and', 'wait', 'for', 'the', 'sunset', 'but', 'the', 'road', 'to', 'the', 'cape', 'is', 'a', 'bit', 'tough', 'and', 'it', 'will', 'be', 'good', 'if', 'you', 'wear', 'sport', 'shoes', 'and', 'not', 'slipper']","['wow', 'definitely', 'spot', 'not', 'miss', 'phuket', 'sunset', 'view', 'superb', 'try', 'walk', 'cape', 'view', 'point', 'crowd', 'people', 'sit', 'cape', 'chill', 'wait', 'sunset', 'road', 'cape', 'bit', 'tough', 'good', 'wear', 'sport', 'shoe', 'not', 'slipper']"
Great place to visit especially for the sunset but can get very busy at this time but still worth a visit,great place to visit especially for the sunset but can get very busy at this time but still worth a visit,"['great', 'place', 'to', 'visit', 'especially', 'for', 'the', 'sunset', 'but', 'can', 'get', 'very', 'busy', 'at', 'this', 'time', 'but', 'still', 'worth', 'a', 'visit']","['great', 'place', 'visit', 'especially', 'sunset', 'busy', 'time', 'worth', 'visit']"
"A good trek down to watch the sunset. Lots of tourists stay at the top, but it is worth the hike down.",a good trek down to watch the sunset lots of tourists stay at the top but it is worth the hike down,"['a', 'good', 'trek', 'down', 'to', 'watch', 'the', 'sunset', 'lots', 'of', 'tourists', 'stay', 'at', 'the', 'top', 'but', 'it', 'is', 'worth', 'the', 'hike', 'down']","['good', 'trek', 'watch', 'sunset', 'lot', 'tourist', 'stay', 'worth', 'hike']"
Super neat. I got there at nine in the mor ing to try and go fishing off the rocks. It is an easy hike and really beautiful. Be careful of the wind and eaves if you are not used to that type of thing. Really picturesque and stunning. I climbed all the way down and then scaled the walls to get to a private little beach on the east side. Super neat would recommend.,super neat i got there at in the mor ing to try and go fishing off the rocks it is an easy hike and really beautiful be careful of the wind and eaves if you are not used to that type of thing really picturesque and stunning i climbed all the way down and then scaled the walls to get to a private little beach on the east side super neat would recommend,"['super', 'neat', 'i', 'got', 'there', 'at', 'in', 'the', 'mor', 'ing', 'to', 'try', 'and', 'go', 'fishing', 'off', 'the', 'rocks', 'it', 'is', 'an', 'easy', 'hike', 'and', 'really', 'beautiful', 'be', 'careful', 'of', 'the', 'wind', 'and', 'eaves', 'if', 'you', 'are', 'not', 'used', 'to', 'that', 'type', 'of', 'thing', 'really', 'picturesque', 'and', 'stunning', 'i', 'climbed', 'all', 'the', 'way', 'down', 'and', 'then', 'scaled', 'the', 'walls', 'to', 'get', 'to', 'a', 'private', 'little', 'beach', 'on', 'the', 'east', 'side', 'super', 'neat', 'would', 'recommend']","['super', 'neat', 'get', 'mor', 'ing', 'try', 'fish', 'rock', 'easy', 'hike', 'beautiful', 'careful', 'wind', 'eave', 'not', 'type', 'thing', 'picturesque', 'stunning', 'climb', 'way', 'scale', 'wall', 'private', 'little', 'beach', 'east', 'super', 'neat', 'recommend']"
"Nice viewpoint, there also was a little trail into a place close to the ocean, not the easiest route to take, but I think all of the walking routes are not completely unfitt people friendly. Further they were partially under construction/renovation wich made some parts closed. Lots of tourists aswell so also lots off little shop.",nice viewpoint there also was a little trail into a place close to the ocean not the easiest route to take but i think all of the walking routes are not completely unfitt people friendly further they were partially under construction renovation wich made some parts closed lots of tourists aswell so also lots off little shop,"['nice', 'viewpoint', 'there', 'also', 'was', 'a', 'little', 'trail', 'into', 'a', 'place', 'close', 'to', 'the', 'ocean', 'not', 'the', 'easiest', 'route', 'to', 'take', 'but', 'i', 'think', 'all', 'of', 'the', 'walking', 'routes', 'are', 'not', 'completely', 'unfitt', 'people', 'friendly', 'further', 'they', 'were', 'partially', 'under', 'construction', 'renovation', 'wich', 'made', 'some', 'parts', 'closed', 'lots', 'of', 'tourists', 'aswell', 'so', 'also', 'lots', 'off', 'little', 'shop']","['nice', 'viewpoint', 'little', 'trail', 'place', 'close', 'ocean', 'not', 'easy', 'route', 'think', 'walking', 'route', 'not', 'completely', 'unfitt', 'people', 'friendly', 'partially', 'construction', 'renovation', 'wich', 'part', 'close', 'lot', 'tourist', 'aswell', 'lot', 'little', 'shop']"
"Sunsets never gets old from wherever you see it. However, Promthep Cape will make that experience unforgettable. It's a viewpoint in Phuket overlooking the Andaman sea and is surrounded by water from three sides. You can feel the salty breeze some lone cruise on the horizon and obviously the sun, touching the line where sea and sky meet. You can never forget that experience. A must watch!",sunsets never gets old from wherever you see it however promthep cape will make that experience unforgettable it is a viewpoint in phuket overlooking the andaman sea and is surrounded by water from sides you can feel the salty breeze some lone cruise on the horizon and obviously the sun touching the line where sea and sky meet you can never forget that experience a must watch,"['sunsets', 'never', 'gets', 'old', 'from', 'wherever', 'you', 'see', 'it', 'however', 'promthep', 'cape', 'will', 'make', 'that', 'experience', 'unforgettable', 'it', 'is', 'a', 'viewpoint', 'in', 'phuket', 'overlooking', 'the', 'andaman', 'sea', 'and', 'is', 'surrounded', 'by', 'water', 'from', 'sides', 'you', 'can', 'feel', 'the', 'salty', 'breeze', 'some', 'lone', 'cruise', 'on', 'the', 'horizon', 'and', 'obviously', 'the', 'sun', 'touching', 'the', 'line', 'where', 'sea', 'and', 'sky', 'meet', 'you', 'can', 'never', 'forget', 'that', 'experience', 'a', 'must', 'watch']","['sunset', 'get', 'old', 'promthep', 'cape', 'experience', 'unforgettable', 'viewpoint', 'phuket', 'overlook', 'andaman', 'sea', 'surround', 'water', 'side', 'feel', 'salty', 'breeze', 'lone', 'cruise', 'horizon', 'obviously', 'sun', 'touch', 'line', 'sea', 'sky', 'meet', 'forget', 'experience', 'watch']"
A must go place in Phuket! Even during the day the views are breathtaking!,a must go place in phuket even during the day the views are breathtaking,"['a', 'must', 'go', 'place', 'in', 'phuket', 'even', 'during', 'the', 'day', 'the', 'views', 'are', 'breathtaking']","['place', 'phuket', 'day', 'view', 'breathtake']"
"The best place to view sunset in Phuket, fantastic place to take pics, keep in mind there are some stairs which you need to climb.",the best place to view sunset in phuket fantastic place to take pics keep in mind there are some stairs which you need to climb,"['the', 'best', 'place', 'to', 'view', 'sunset', 'in', 'phuket', 'fantastic', 'place', 'to', 'take', 'pics', 'keep', 'in', 'mind', 'there', 'are', 'some', 'stairs', 'which', 'you', 'need', 'to', 'climb']","['good', 'place', 'view', 'sunset', 'phuket', 'fantastic', 'place', 'pic', 'mind', 'stair', 'need', 'climb']"
Came here to see the sunset. Nothing special about the sunset. The place was crowded and difficult to get parking spaces. Met few street performers here,came here to see the sunset nothing special about the sunset the place was crowded and difficult to get parking spaces met few street performers here,"['came', 'here', 'to', 'see', 'the', 'sunset', 'nothing', 'special', 'about', 'the', 'sunset', 'the', 'place', 'was', 'crowded', 'and', 'difficult', 'to', 'get', 'parking', 'spaces', 'met', 'few', 'street', 'performers', 'here']","['come', 'sunset', 'special', 'sunset', 'place', 'crowd', 'difficult', 'parking', 'space', 'meet', 'street', 'performer']"
"Its a beautiful sunset point and a tourist attraction. You can walk around, click pictures and sit for a while as it has various walkways, gardens and places to sit. Don't forget your cameras when you visit here. Carry something to eat and drink while you enjoy the beauty around you!",its a beautiful sunset point and a tourist attraction you can walk around click pictures and sit for a while as it has various walkways gardens and places to sit do not forget your cameras when you visit here carry something to eat and drink while you enjoy the beauty around you,"['its', 'a', 'beautiful', 'sunset', 'point', 'and', 'a', 'tourist', 'attraction', 'you', 'can', 'walk', 'around', 'click', 'pictures', 'and', 'sit', 'for', 'a', 'while', 'as', 'it', 'has', 'various', 'walkways', 'gardens', 'and', 'places', 'to', 'sit', 'do', 'not', 'forget', 'your', 'cameras', 'when', 'you', 'visit', 'here', 'carry', 'something', 'to', 'eat', 'and', 'drink', 'while', 'you', 'enjoy', 'the', 'beauty', 'around', 'you']","['beautiful', 'sunset', 'point', 'tourist', 'attraction', 'walk', 'click', 'picture', 'sit', 'walkway', 'garden', 'place', 'sit', 'not', 'forget', 'camera', 'visit', 'carry', 'eat', 'drink', 'enjoy', 'beauty']"
"Try not to go here during high noon like I did.  This was the most amazing spot in Phuket. I would say must see if you like to take pics. Avoid during high noon, I never was here for sunset but I bet it is incredible.  My pics are unavailable but I imagine there are way better than mine up in previous reviews.",try not to go here during high noon like i did this was the most amazing spot in phuket i would say must see if you like to take pics avoid during high noon i never was here for sunset but i bet it is incredible my pics are unavailable but i imagine there are way better than mine up in previous reviews,"['try', 'not', 'to', 'go', 'here', 'during', 'high', 'noon', 'like', 'i', 'did', 'this', 'was', 'the', 'most', 'amazing', 'spot', 'in', 'phuket', 'i', 'would', 'say', 'must', 'see', 'if', 'you', 'like', 'to', 'take', 'pics', 'avoid', 'during', 'high', 'noon', 'i', 'never', 'was', 'here', 'for', 'sunset', 'but', 'i', 'bet', 'it', 'is', 'incredible', 'my', 'pics', 'are', 'unavailable', 'but', 'i', 'imagine', 'there', 'are', 'way', 'better', 'than', 'mine', 'up', 'in', 'previous', 'reviews']","['try', 'not', 'high', 'noon', 'like', 'amazing', 'spot', 'phuket', 'like', 'pic', 'avoid', 'high', 'noon', 'sunset', 'bet', 'incredible', 'pic', 'unavailable', 'imagine', 'way', 'well', 'previous', 'review']"
ts very Nice and very wonderful place. Here u on top very nice view for Sunset. Many tourist coming here for see the sunset. Here u take pictures and make videos coming amazing and very beautiful very nice. Outside around this area very nice view and very neat and clean around there here this place. I like too much this place. Thanks,ts very nice and very wonderful place here you on top very nice view for sunset many tourist coming here for see the sunset here you take pictures and make videos coming amazing and very beautiful very nice outside around this area very nice view and very neat and clean around there here this place i like too much this place thanks,"['ts', 'very', 'nice', 'and', 'very', 'wonderful', 'place', 'here', 'you', 'on', 'top', 'very', 'nice', 'view', 'for', 'sunset', 'many', 'tourist', 'coming', 'here', 'for', 'see', 'the', 'sunset', 'here', 'you', 'take', 'pictures', 'and', 'make', 'videos', 'coming', 'amazing', 'and', 'very', 'beautiful', 'very', 'nice', 'outside', 'around', 'this', 'area', 'very', 'nice', 'view', 'and', 'very', 'neat', 'and', 'clean', 'around', 'there', 'here', 'this', 'place', 'i', 'like', 'too', 'much', 'this', 'place', 'thanks']","['ts', 'nice', 'wonderful', 'place', 'nice', 'view', 'sunset', 'tourist', 'come', 'sunset', 'picture', 'video', 'come', 'amazing', 'beautiful', 'nice', 'outside', 'area', 'nice', 'view', 'neat', 'clean', 'place', 'like', 'place', 'thank']"
"This is one of the best place in Phuket and a must visit if you are there. It takes about 30 minutes to travel there by car from Patong. The view of the cape from the top is amazing. If you stay until the evening, you may be able to view the beautiful sunset. There are also restaurants and shops in the area. This place is always crowded with tourists. However it is still one of the most romantic place around. If you want to impress your girl, give this a try!",this is of the best place in phuket and a must visit if you are there it takes about minutes to travel there by car from patong the view of the cape from the top is amazing if you stay until the evening you may be able to view the beautiful sunset there are also restaurants and shops in the area this place is always crowded with tourists however it is still of the most romantic place around if you want to impress your girl give this a try,"['this', 'is', 'of', 'the', 'best', 'place', 'in', 'phuket', 'and', 'a', 'must', 'visit', 'if', 'you', 'are', 'there', 'it', 'takes', 'about', 'minutes', 'to', 'travel', 'there', 'by', 'car', 'from', 'patong', 'the', 'view', 'of', 'the', 'cape', 'from', 'the', 'top', 'is', 'amazing', 'if', 'you', 'stay', 'until', 'the', 'evening', 'you', 'may', 'be', 'able', 'to', 'view', 'the', 'beautiful', 'sunset', 'there', 'are', 'also', 'restaurants', 'and', 'shops', 'in', 'the', 'area', 'this', 'place', 'is', 'always', 'crowded', 'with', 'tourists', 'however', 'it', 'is', 'still', 'of', 'the', 'most', 'romantic', 'place', 'around', 'if', 'you', 'want', 'to', 'impress', 'your', 'girl', 'give', 'this', 'a', 'try']","['good', 'place', 'phuket', 'visit', 'take', 'minute', 'travel', 'car', 'patong', 'view', 'cape', 'amazing', 'stay', 'evening', 'able', 'view', 'beautiful', 'sunset', 'restaurant', 'shop', 'area', 'place', 'crowd', 'tourist', 'romantic', 'place', 'want', 'impress', 'girl', 'try']"
Very nice view at sunset. A perfect spot for a romantic couples picture or even just for viewing it alone. The sunset doesn't last for too long but it's beautiful enough to make you want to see it every day you're in town.,very nice view at sunset a perfect spot for a romantic couples picture or even just for viewing it alone the sunset does not last for too long but it is beautiful enough to make you want to see it every day you are in town,"['very', 'nice', 'view', 'at', 'sunset', 'a', 'perfect', 'spot', 'for', 'a', 'romantic', 'couples', 'picture', 'or', 'even', 'just', 'for', 'viewing', 'it', 'alone', 'the', 'sunset', 'does', 'not', 'last', 'for', 'too', 'long', 'but', 'it', 'is', 'beautiful', 'enough', 'to', 'make', 'you', 'want', 'to', 'see', 'it', 'every', 'day', 'you', 'are', 'in', 'town']","['nice', 'view', 'sunset', 'perfect', 'spot', 'romantic', 'couple', 'picture', 'view', 'sunset', 'not', 'long', 'beautiful', 'want', 'day', 'town']"
